place,author,rating,review
Toby's Estate Coffee Roasters Singapore,Sophie,1Â Ã©toile,"Service trÃ¨s mauvais, nous avons attendu plusieurs minutes sans Ãªtre servi, nous sommes partis."
Toby's Estate Coffee Roasters Singapore,James Lui,4Â Ã©toiles,"Bon cafÃ©, bon petit dÃ©jeuner."
Toby's Estate Coffee Roasters Singapore,Richard Clausen,5Â Ã©toiles,"Le gazon n Surf Ã©tait fantastique. Le porc avait besoin d'un peu de sel et Ã©tait un peu filandreux. Si je devais choisir Ã  nouveau, j'opterais pour l'Å“uf de saumon BÃ©nÃ©dicte au saumon fumÃ© uniquement. J'ai ajoutÃ© l'avocat et le bacon Ã  â€¦"
The Populus,alexis 3375,4Â Ã©toiles,"Restaurant de qualitÃ©. Nous avons pris des pÃ¢tes et des desserts.
Le prix est correct pour le quartier."
The Populus,Keng Cheong Tan,5Â Ã©toiles,"Lieu de brunch trÃ¨s populaire qui propose un large choix de plats de style occidental, tant salÃ©s que sucrÃ©s. La carte des boissons propose Ã©galement une grande variÃ©tÃ© de cafÃ©s, de thÃ©s et de boissons gazeuses. Un endroit agrÃ©able pour â€¦"
The Populus,Ming Hui,5Â Ã©toiles,"J'ai enfin essayÃ© ce cafÃ© bien connu depuis longtemps. Il y avait de longues files d'attente aux heures de repas. Cette fois, je l'ai essayÃ© vers 14 heures et c'Ã©tait spacieux. Dans lâ€™ensemble, je pense que la qualitÃ© de la nourriture est â€¦"
Jimmy Monkey Cafe & Bar,Anissa Sariatu,5Â Ã©toiles,"Bien qu'il soit assez cachÃ©, cet endroit accueillait constamment un flot de clients lorsque nous y allions pour le brunch du dimanche. â€¦"
Jimmy Monkey Cafe & Bar,Danny Fong,5Â Ã©toiles,"putain, un sacrÃ© burger Wagyu (JM Wagyu ğŸ”). des petits pains moelleux, un hamburger juteux avec du fromage fondu, Ã©taient vraiment dÃ©licieux. j'ai essayÃ© la nourriture de tout le monde; l'autre que j'ai trouvÃ© vraiment sympa Ã©tait le poulet â€¦"
Jimmy Monkey Cafe & Bar,Chris Koh,4Â Ã©toiles,J'adore le look rustique du cafÃ©. Je crois que le cafÃ© est situÃ© dans une ancienne caserne militaire. Nous avons eu le sandwich au steak et Mme Norwegian Benedict. Foodwise Ã©tait ok. Rien dâ€™Ã©poustouflant. Le blanc plat Ã©tait assez fort et â€¦
Twenty Eight Cafe,Charlotte L.,5Â Ã©toiles,"Une super adresse, dÃ©co sympa, accueil agrÃ©able,  prix trÃ¨s correct et vraiment bon !
Les linguine au crabe sont trÃ¨s Ã©picÃ©es ğŸ˜ŠğŸ˜‹
IdÃ©al pour un brunch ou dÃ©jeuner. â€¦"
Twenty Eight Cafe,Marie-Eve Paiement-Poirier,3Â Ã©toiles,Bon cafÃ©! Les crÃªpes pas assez cuites donc trop cher pour ce que c'est...
Twenty Eight Cafe,Andrew,5Â Ã©toiles,"J'ai visitÃ© ici plus tÃ´t dans la semaine et c'Ã©tait une bonne trouvaille. Je suis arrivÃ© avant 10 heures du matin en semaine et c'Ã©tait charmant, pas d'attente. Le cafÃ© glacÃ© Ã©tait fantastique et il y avait les Å“ufs shakshuka. . . trÃ¨s â€¦"
Glasshouse,AndrÃ© Martel,5Â Ã©toiles,"TrÃ¨s bon dÃ©jeuner!
Jâ€™ai pris un bol granola avec leur yogourt maison et miel sauvage, un pain au citron et un flat White froid.
Je recommande!!"
Glasshouse,Morgane Delmas Guillotin,5Â Ã©toiles,"TrÃ¨s bon expresso au cÅ“ur de Chijmes. C'est en effet une petite maison de verre dans laquelle on se restaure, avec la vue sur une partie du jardin de l'ancien couvent."
Glasshouse,DD S,5Â Ã©toiles,"C'est un restaurant qui sert le petit-dÃ©jeuner, le brunch et des repas toute la journÃ©e, ce qui est trÃ¨s spÃ©cial et parfait. â€¦"
The Local Cafe,Nicole Lee,5Â Ã©toiles,"Je dÃ®ne ici depuis quelques mois maintenant et j'ai toujours Ã©tÃ© accueilli avec chaleur et gentillesse par tout le personnel. Mais je voudrais fÃ©liciter l'un des membres du personnel, Isabel, pour avoir toujours offert son meilleur service, â€¦"
The Local Cafe,Tiffany Chor,1Â Ã©toile,"Du pain grillÃ© avec des Å“ufs, câ€™est lâ€™un de mes plats prÃ©fÃ©rÃ©s. Cet endroit offre le pire toast jamais vu. Faites-moi confiance quand je le dis. Vous voyez le pathÃ©tique morceau carrÃ© au milieu du pain, gÃ©nÃ©ralement câ€™est du beurre, â€¦"
The Local Cafe,Des P,1Â Ã©toile,"Je choisirais zÃ©ro Ã©toile si j'avais une telle chose. J'ai vraiment besoin de beaucoup d'amÃ©liorations sur de nombreux aspects. Le poulet frit est le pire qui soit. Je donne 5 Ã©toiles pour l'ambiance uniquement parce que je suis le seul Ã  dÃ®ner Ã  l'heure du dÃ©jeuner, ce qui me permet de profiter de tout le cafÃ© pour moi."
Sarnies,Edgar Giffard,4Â Ã©toiles,"3,5 plutÃ´t que 4."
Sarnies,KUKU KimKeat,4Â Ã©toiles,"Le sandwich qui donne son nom Ã  ce restaurant est tout simplement dÃ©licieux ! ! ! Le pain est croustillant et se marie trÃ¨s bien avec le thon, le fromage et les cornichons ! Je veux en manger au petit-dÃ©jeuner tous les jours â™ª â€¦"
Sarnies,Marcus Ang,4Â Ã©toiles,"les Å“ufs BÃ©nÃ©dicte Ã©taient bien cuits et coulants, la sauce se marie bien avec leur pÃ¢tisserie et leurs lÃ©gumes verts. â€¦"
Craftsmen Coffee (Holland V),Rutuparna Kulkarni,4Â Ã©toiles,"CafÃ© confortable avec une atmosphÃ¨re agrÃ©able pour s'asseoir et travailler ou passer du temps avec des amis. Ils proposent une grande variÃ©tÃ© de boissons, Ã  base de cafÃ© et sans cafÃ©. â€¦"
Craftsmen Coffee (Holland V),Angie Chng,3Â Ã©toiles,Je voulais du thÃ© l'aprÃ¨s-midi et j'Ã©tais Ã  proximitÃ©. Le service Ã©tait chaleureux et l'endroit Ã©tait plutÃ´t rempli d'employÃ©s de bureau vers la fin de l'heure du dÃ©jeuner. La nourriture et les boissons Ã©taient cependant dÃ©cevantes. Nous â€¦
Craftsmen Coffee (Holland V),Felicia Leow,5Â Ã©toiles,"J'ai vraiment apprÃ©ciÃ© mon expÃ©rience de brunch ici! La nourriture et le cafÃ© Ã©taient super.
Je recommande fortement le poulet frit et la gaufre."
Alchemist The Heeren,Sharda Sharma,4Â Ã©toiles,"Ce cafÃ© a Ã©tÃ© bien pensÃ© en ce qui concerne son architecture. C'est un minimalist. Le cafÃ© est bon. C'est un endroit rÃ©putÃ© et donc il peut avoir un peu de queue pour trouver une place.
Le personnel est trÃ¨s bien."
Alchemist The Heeren,à¸¨à¸¸à¸ à¸´à¸ªà¸£à¸² à¹€à¸ªà¸•à¸–à¸²à¸à¸£,5Â Ã©toiles,C'est un bon endroit pour prendre une tasse de cafÃ© prÃ¨s du verger. J'ai commandÃ© du cafÃ© noir glacÃ© et Ã§a me rafraÃ®chit le matin. Il y a quelques boulangeries disponibles ici et ils vendent Ã©galement des grains de cafÃ© que vous pouvez leur dire de moudre les grains de cafÃ© Ã  la taille dont vous avez besoin.
Alchemist The Heeren,A G (â€œPourover Travellerâ€),5Â Ã©toiles,"Le cafÃ© Alchemist : un dÃ©lice infusÃ© dans le verger

NichÃ© au cÅ“ur animÃ© d'Orchard, The Alchemist Coffee s'est bÃ¢ti une rÃ©putation â€¦"
Dutch Colony Coffee Co.,Sabrina Ng,4Â Ã©toiles,Le croissant Ã  la mayonnaise aux Å“ufs et aux truffes est fantastique - gÃ©nÃ©reux en garnitures et le croissant est croustillant et beurrÃ©. La salade d'accompagnement est accompagnÃ©e d'une vinaigrette rafraÃ®chissante. â€¦
Dutch Colony Coffee Co.,J9,5Â Ã©toiles,"Nous y sommes allÃ©s un vendredi aprÃ¨s-midi, c'Ã©tait assez calme et l'endroit Ã©tait plutÃ´t convivial pour Ã©tudier (nous avons trouvÃ© une prise de recharge). Cependant, les siÃ¨ges du rebord de la fenÃªtre Ã©taient un peu sales et les chaises â€¦"
Dutch Colony Coffee Co.,Wiktoria SobÃ³tkowska,5Â Ã©toiles,"J'ai essayÃ© des choses du menu de saison et c'Ã©tait vraiment dÃ©licieux, je veux revenir pour essayer plus de positions dans le menu. Le cafÃ© tarte Ã  l'ananas a un goÃ»t trÃ¨s intÃ©ressant, j'aimerais que ces plats puissent rester au menu plus longtemps ğŸ¥° â€¦"
Atlas CafÃ©,Bouillon Christophe,5Â Ã©toiles,Lâ€™un des plus beaux bars au monde la carte des Gin est infini Ã  faire si vous passez Ã  Singapour
Atlas CafÃ©,DaÃ¯ T,5Â Ã©toiles,"Lieu incroyable
Il faut rÃ©server son crÃ©neau pour pouvoir y accÃ©der
DÃ©cor trÃ¨s chiadÃ© â€¦"
Atlas CafÃ©,Benjamin Six,5Â Ã©toiles,Le lieu art dÃ©co est exceptionnel. Les cocktails un peu chers mais originaux et bon in paye l'ambiance
The Secret Mermaid,Benjamin Sim,5Â Ã©toiles,"Espace petit, grandes vibrations. Ce trou littÃ©ral dans le mur d'un bar Ã  cocktails est cachÃ© Ã  la vue de tous dans le centre commercial piÃ©tonnier Raffles Place, sous l'Ocean Financial Centre. Cuisine fusion. Beaucoup de makis au menu. Je â€¦"
The Secret Mermaid,Jessica Chew,4Â Ã©toiles,"Un petit bar secret cachÃ© derriÃ¨re un discret ""conteneur"" noir. J'aime m'asseoir au bar et faire une petite conversation avec le barman. J'ai eu un cocktail appelÃ© Special Tea qui Ã©tait lÃ©ger avec un goÃ»t aigre-doux et ""crÃ©meux"" du blanc â€¦"
The Secret Mermaid,Eric Olliff,3Â Ã©toiles,"L'ambiance et le service Ã©taient excellents. Nous avons Ã©galement apprÃ©ciÃ© nos boissons. Malheureusement, le seul plat que nous avons essayÃ© - les huÃ®tres crues - a Ã©tÃ© une grande dÃ©ception. Les critiques prÃ©cÃ©dentes mentionnaient des â€¦"
D.Bespoke,Luke Tao Buranasitiporn,2Â Ã©toiles,"Je sais ce que ce bar essaie d'Ãªtre : une sorte de bar clandestin/privÃ© japonais. Mais comme je suis allÃ© dans de nombreux bars au Japon (et dans le monde), le service est bien en dessous de la moyenne. Je ne parle pas de la faÃ§on dont ils â€¦"
D.Bespoke,Momo,5Â Ã©toiles,"L'un des plafonds des dÃ©bits de boissons de Singapour.
J'aime tout, de la dÃ©coration Ã  l'ambiance.
Nous sommes venus ici Ã  cause du nom, mais nous n'avons fait aucun devoir et ne â€¦"
D.Bespoke,Viraj Datar,4Â Ã©toiles,J'ai dÃ©couvert cet endroit grÃ¢ce aux recommandations d'un ami. Un de ces bars cachÃ©s Ã  Singapour. J'ai parcouru cette atreetba une centaine de fois mais je n'ai jamais entendu parler de cet endroit. â€¦
MO BAR,Ang Adeline,2Â Ã©toiles,"Nice bar, sub par service"
MO BAR,Brian Thio,5Â Ã©toiles,"Excellentes boissons, liste complÃ¨te. Il y a des boissons aux saveurs locales et vous pouvez visualiser la carte des boissons sur une camÃ©ra Ã  diaporama vintage. La nourriture et les collations au bar sont Ã©galement excellentes. Service â€¦"
MO BAR,Ai M,5Â Ã©toiles,"Un bar cÃ©lÃ¨bre qui a Ã©tÃ© sÃ©lectionnÃ© comme meilleur bar d'Asie
Il est prÃ©fÃ©rable de rÃ©server pour entrer en douceur.
Quand je suis arrivÃ© sans rÃ©servation juste aprÃ¨s 21 heures un dimanche soir, â€¦"
Employees Only Singapore,Frederic Museur,2Â Ã©toiles,Nous avons Ã©tÃ© obligÃ©s de partir alors que nous n'avions pas fini notre bouteille ni commander le plat. Impossible de rester aprÃ¨s 21h00 pour faire place au second service! Lamentable.
Employees Only Singapore,O j,5Â Ã©toiles,Superbe expÃ©rience. Barman au petit soin
Employees Only Singapore,MS Lee,5Â Ã©toiles,Chic bar.
Whiskey Library & Jazz Club,Vincent T,5Â Ã©toiles,"Nous aurions aimÃ© dÃ©couvrir cet endroit plus tÃ´t. L'ambiance est incroyable et les groupes de jazz sont fantastiques. SiÃ¨ges trÃ¨s confortables et bonne ambiance. Lâ€™Ã©quipe est en difficultÃ©, mais câ€™est comprÃ©hensible compte tenu de la fourchette de prix. Nous avons adorÃ© notre sÃ©jour lÃ -bas et nous y retournerons certainement !"
Whiskey Library & Jazz Club,Keith Zecchini,5Â Ã©toiles,Endroit fabuleux pour des boissons et une musique exceptionnelle.  La sÃ©lection de scotchs est impressionnante et le vol de dÃ©gustation Ã©tait un excellent choix Ã  un bon prix.  Le point culminant Ã©tait le trio smooth jazz - le funk latino Ã©tait un favori !! Le service Ã  table Ã©tait aussi un plaisir
Whiskey Library & Jazz Club,Chiang KH,5Â Ã©toiles,"Ambiance trÃ¨s confortable et chaleureuse. Un bon large choix de whiskies. Belle performance live soft jazzy. Lorsque nous Ã©tions lÃ -bas, ils venaient de lancer leur menu fusion indien. La cÃ´telette d'agneau Ã©tait bien assaisonnÃ©e, douce et â€¦"
Smoke & Mirrors,Nakahashi Erika Sophrologue HypnothÃ©rapeute,5Â Ã©toiles,La vue est incroyable sur Marina Bay sand et les buildings. Les cocktails sont trÃ¨s originaux atypiques avec une philosophie. Le personnel est trÃ¨s professionnel.
Smoke & Mirrors,Maxime B,5Â Ã©toiles,Le bar est situÃ© au dernier Ã©tage du musÃ©e. Depuis la terrasse nous avons une belle vue sur la place. Le meilleur est surtout l'expÃ©rience mixologique. La carte est complÃ¨te avec tout type de cocktails. Chaque cocktail fait rÃ©fÃ©rence Ã  une â€¦
Smoke & Mirrors,Marie Pierre Barrier,5Â Ã©toiles,C'est un endroit Ã  ne pas manquer pour boire un excellent cocktail maison sur la terrasse avec une vue extraordinaire sur marina bay. Les salades sont excellentes les desserts Ã©galement. Musique branchÃ©e ambiance soft. Je recommande !
Nutmeg & Clove,Benjamin R,5Â Ã©toiles,"Le meilleur bar a coktails qu'il m'ait Ã©tÃ© donnÃ© de trouver. Chaque coktails Ã  un choix thÃ©matique de plantes. Environ 20SGD/COKTAIL, asseyez-vous au bar pour voir la fabrication des coktails !"
Nutmeg & Clove,Brittany Grogan,5Â Ã©toiles,"Nous avons passÃ© une soirÃ©e incroyable Ã  Nutmeg & Clove. Mon partenaire et moi avons pris deux cocktails chacun et ils Ã©taient tous uniques et dÃ©licieux, et nous aurions aimÃ© pouvoir en essayer plusieurs autres. J'aime aussi le joli menu â€¦"
Nutmeg & Clove,Farid Hamka,5Â Ã©toiles,"Je suis allÃ© ici lors de la prise de contrÃ´le indonÃ©sienne, qui est une sÃ©rie de tentatives innovantes et chaleureuses du bar de prÃ©senter la mixologie en Asie. MÃªme si je ne pouvais pas boire, l'atmosphÃ¨re Ã©tait incroyable et les â€¦"
The Other Room,Nakahashi Erika Sophrologue HypnothÃ©rapeute,5Â Ã©toiles,Un bar cachÃ© extraordinaire. Les cocktails sont originaux et succulents. Le personnel est adorable et aux petits soins. Lâ€™endroit est tres beau belle dÃ©coration. A dÃ©couvrir absolument.
The Other Room,Lena Motley,5Â Ã©toiles,"J'ai passÃ© mon rÃ©veillon d'anniversaire (et mon vÃ©ritable anniversaire, une fois que l'horloge a sonnÃ© Ã  minuit !) dans ce merveilleux endroit de Singapour ! De l'hÃ´tesse aux barmans, j'ai passÃ© un moment formidable et je le recommande Ã  â€¦"
The Other Room,Lady Morpheus,5Â Ã©toiles,"Ma petite amie m'a emmenÃ© ici pour la premiÃ¨re fois et nous n'avons presque pas pu trouver l'endroit. L'entrÃ©e est juste une porte normale et il n'y a aucune signalisation vers cet endroit. Si vous ne le trouvez pas, demandez simplement au â€¦"
The Elephant Room Singapore,L,5Â Ã©toiles,"Le meilleur(!)(?)
Eh bien, c'est peut-Ãªtre le cas. Ã‰coutez, les cocktails sont savoureux et dÃ©licieux. Le poulet au curry et le crabe sont des exceptions dans mon monde des â€¦"
The Elephant Room Singapore,Chris Mann,5Â Ã©toiles,"J'adore cet endroit pour boire un verre.  Le propriÃ©taire est formÃ© dans le monde entier et possÃ¨de un CV incroyable, comprenant des restaurants haut de gamme 3 Ã©toiles Michelin.  Les cocktails sont fabuleux, je n'aurais jamais pensÃ© Ã  des â€¦"
The Elephant Room Singapore,Jonathan Swift,5Â Ã©toiles,"Bar Ã  cocktails trÃ¨s cool avec des boissons d'inspiration indienne vraiment intÃ©ressantes. Je recommande vivement le cafÃ© indien, l'indien comme F$$k et les pizzas Naan. Les pizzas sont idÃ©ales Ã  partager et conviendront confortablement Ã  une personne ou Ã  deux pour un groupe"
St. Joseph's Church (Bukit Timah),Arjun Trivedi,5Â Ã©toiles,"Belle Ã©glise oÃ¹ nous avons assistÃ© Ã  une cÃ©rÃ©monie de mariage des enfants de nos amis. une expÃ©rience si belle et paisible aussi. AprÃ¨s la cÃ©rÃ©monie, un dÃ©jeuner buffet a Ã©tÃ© servi dans la salle des Ã©vÃ©nements de l'Ã©glise. Cet endroit â€¦"
St. Joseph's Church (Bukit Timah),Tran Minh Tuan,5Â Ã©toiles,"L'Ã©glise est trÃ¨s spacieuse comme un parc et il faut beaucoup de temps pour explorer les environs tels que le jardin du Rosaire et le chemin de croix. L'Ã©glise elle-mÃªme est simple Ã  l'extÃ©rieur, mais l'intÃ©rieur est magnifique. Lâ€™heure de â€¦"
St. Joseph's Church (Bukit Timah),kai tan,5Â Ã©toiles,J'adore cette Ã©glise catholique avec une belle architecture. Cela donne un sentiment de paix et de solitude. Le complexe est grand et dispose de nombreux parkings et bÃ¢timents. Les nouveaux visiteurs pourraient avoir besoin d'un peu de â€¦
Church of Saints Peter & Paul,Sherry Lim,5Â Ã©toiles,"C'est un endroit trÃ©s calme avec une histoire, cent ans plus Ã¢gÃ© que ma naissance, c'Ã©tait mon ancÃªtre Pedro Tan NoÃ© Kiah qui aida la construction en 1892."
Church of Saints Peter & Paul,Ivaylo Minchev,4Â Ã©toiles,:L
Church of Saints Peter & Paul,Herabelle Febhe Ceniza,5Â Ã©toiles,"Nous avons assistÃ© Ã  la messe prÃ©vue, connue sous le nom de messe au coucher du soleil, Ã  17h30. Les ministres laÃ¯cs Ã©taient incroyablement gentils et accueillants, en particulier envers mon tout-petit agitÃ©, qui courait partout avant le â€¦"
Church of Our Lady of Lourdes,Peter Laraqui,5Â Ã©toiles,Super
Church of Our Lady of Lourdes,Levente SzÃ¶llÅ‘si,5Â Ã©toiles,"TrÃ¨s belle Ã©glise et jardin de l'Ã©glise bien entretenus, des gens sympas, cÃ©rÃ©monie en tamoul. Un Ã®lot de paix dans un monde en Ã©volution rapide."
Church of Our Lady of Lourdes,Ho Soo kit,5Â Ã©toiles,"Avec des influences nÃ©o-gÃ©othiques dans son Ã‰glise
BÃ¢timents datant de 1880, c'est un lieu de culte unique pour les
ChrÃ©tiens indiens, chrÃ©tiens philippins Ã©galement â€¦"
Masjid Sultan Singapore,Caroline Coulin,5Â Ã©toiles,"Lâ€™entrÃ©e Ã  la mosquÃ©e est gratuite. PrÃ©voyez une tenue adaptÃ©e pour la visite, sinon un vÃªtement long est prÃªtÃ© par la mosquÃ©e."
Masjid Sultan Singapore,Ahlem,5Â Ã©toiles,"TrÃ¨s belle mosquÃ©e au milieu de la ville (cÃ´tÃ© Arab street). EntrÃ© gratuite
Tenues pour se couvrir pour homme/femme a disposition Ã  l'entrÃ©e. Merci de respecter les lieux saints. â€¦"
Masjid Sultan Singapore,Benoit SATRE,4Â Ã©toiles,"Le quartier est sympa il y a beaucoup de mur peint avec de trÃ¨s jolies fresques. La mosquÃ©e est jolie mais je m'attendais Ã  plus haut. Je ne suis pas entrÃ©, n'Ã©tant pas musulman Ã§a ne me semblait pas trÃ¨s clair si j'avais le droit ou pas dans le doute je me suis abstenu."
Sri Srinivasa Perumal Temple,Anita KYA,5Â Ã©toiles,"Je n'ai fait que l'extÃ©rieur, mais c'Ã©tait magnifique. Super bien entretenu et loin du monde si l'on compare aux autres temples hindous de Singapour. La ""visite"" est gratuite, dans le respect, Ã  savoir ne pas Ãªtre en jupe ou pantacourt, â€¦"
Sri Srinivasa Perumal Temple,Marc DUJARDIN,3Â Ã©toiles,"Beau temple, mais un peu plus bas dans la rue le Sri Veeramakaliamman Temple vaut Ã  mon avis plus la visite, Ã©tant plus authentique et plus chaleureux."
Sri Srinivasa Perumal Temple,corinne heinrich,4Â Ã©toiles,"Joli temple hindouiste
En cours de renovation"
Wat Ananda Metyarama,Kl Z,5Â Ã©toiles,"Paix et tranquillitÃ©. Leur ouverture il y a prÃ¨s de 60 ans sur le site actuel a Ã©tÃ© honorÃ©e par Maha Chakri Srindhorn, la sÅ“ur du roi. â€¦"
Wat Ananda Metyarama,pak soon yi,5Â Ã©toiles,"Temple thaÃ¯landais Anandamitiyarama Le temple bouddhiste thaÃ¯landais situÃ© Ã  Jalan Red Hill, Ã  Singapour, a Ã©tÃ© construit en 1918. Il s'agit du plus ancien temple bouddhiste thaÃ¯landais de Singapour et du premier temple en dehors de la â€¦"
Wat Ananda Metyarama,Jeerawan Megpho,5Â Ã©toiles,Making mÃ©rite et festival Loy Krathong 2024 Ã  Singapour
Sakya Muni Buddha Gaya Temple,eric arnaud,4Â Ã©toiles,Un trÃ¨s beau endroit pour refaire le plein d'Ã©nergie et d'ondes positives. Un super accueil et une Ã©quipe trÃ¨s attachante.
Sakya Muni Buddha Gaya Temple,Souria R.,3Â Ã©toiles,Beau temple mais les personnes ne sont pas trÃ¨s accueillantes
Sakya Muni Buddha Gaya Temple,Francky,5Â Ã©toiles,"Un temple sympa, si vous passez dans le coin, arretez vous c chouette"
Chesed-El Synagogue,CK C,5Â Ã©toiles,"J'ai visitÃ© la synagogue Chesed-El pendant le festival My Community. C'est un privilÃ¨ge car, si je ne me trompe pas, c'est la premiÃ¨re fois que cette synagogue est ouverte au public. Merci pour l'hospitalitÃ©. L'endroit est vraiment magnifique."
Chesed-El Synagogue,Rachel Luyi,5Â Ã©toiles,"Magnifique lieu de culte. C'est propre, joliment structurÃ© et bien entretenu. L'acoustique est Ã©galement excellente car aucun microphone n'est nÃ©cessaire. C'est Ã©lÃ©gant, de bon goÃ»t et on se sent en sÃ©curitÃ©."
Chesed-El Synagogue,Esther,5Â Ã©toiles,Belle synagogue pittoresque Ã  visiter pour apprÃ©cier la communautÃ© juive de Singapour.
Central Sikh Gurdwara,Ishwar K,5Â Ã©toiles,"C'est un endroit paisible, Gurdwara est magnifiquement construit au coin de la route.
Au 1er Ã©tage, ils ont un lieu de restauration (Langar) avec une pause rapide de â€¦"
Central Sikh Gurdwara,Ajit Singh Mannan,5Â Ã©toiles,"Le meilleur endroit pour guÃ©rir votre cÅ“ur, votre esprit et votre Ã¢me. Ils fournissent 24 heures de langage Ã  tout le monde."
Central Sikh Gurdwara,am bhatt,5Â Ã©toiles,"Calendrier Langer
L'aprÃ¨s-midi jusqu'Ã  15h
Collations du soir - oui â€¦"
Foo Hai Ch'an Monastery,Review Guru,5Â Ã©toiles,"J'ai eu le plaisir fortuit de tomber sur le monastÃ¨re de Foo Hai Ch'an en parcourant les rues labyrinthiques de Geylang. Ce joyau sans prÃ©tention, nichÃ© entre les boutiques et les restaurants caractÃ©ristiques du quartier, s'est avÃ©rÃ© Ãªtre â€¦"
Foo Hai Ch'an Monastery,Yellow Bear,4Â Ã©toiles,"EntrÃ©e libre.
Un autre temple chinois paisible et magnifique que l'on peut visiter si l'on s'intÃ©resse Ã  l'art, Ã  la culture et Ã  l'architecture chinoises. â€¦"
Foo Hai Ch'an Monastery,John a,5Â Ã©toiles,"Un magnifique temple trÃ¨s diffÃ©rent des autres Ã  Singapour. La grande salle rappelle le daibutsuden au Japon. Elle est fraÃ®che et calme, avec une musique lÃ©gÃ¨re et remplie de nombreuses rangÃ©es de genoux rembourrÃ©s. Aucun encens n'est â€¦"
Jurong Lake Gardens,Guillaume,4Â Ã©toiles,Balade sympathique qui change de la ville tout autour. Attention actuellement et jusqu'en janvier 2021 les jardin chinois et japonais sont fermÃ©s. Je recommande d'y aller au crÃ©puscule afin de ne pas Ãªtre ettoufÃ© par la chaleur (TrÃ¨s peu â€¦
Jurong Lake Gardens,Alice Mallet Ventura,5Â Ã©toiles,"Le park est super bien entretenu. Cole a l station  mrt lake side. Il y a un waterplayground, des aires de jeux, une piste cyclable entr3 autres. Je recommande vivement pour ceux qui ont des enfants mais aussi bien pour les grands! :)"
Jurong Lake Gardens,anna durai,4Â Ã©toiles,Vree nice j l gardens
Bukit Timah Nature Reserve,christelle gobet,5Â Ã©toiles,"QuiÃ©tude et chants d'oiseaux que je n'oublierai jamais.... Pour voir toutes les beautÃ©s de cette rÃ©serve cela se mÃ©rite, le plus grand des parcours proposÃ© est costaud sous la chaleur. Mais les autres parcours plus easy valent aussi le coup â€¦"
Bukit Timah Nature Reserve,Lucie MAISNNV,5Â Ã©toiles,"De la jungle en pleine ville. AtmosphÃ¨re trÃ¨s relaxante, pour une randonnÃ©e un peu sportive par endroits. IdÃ©al pour se ressourcer en dehors du cadre urbain"
Bukit Timah Nature Reserve,Mokhtar El Bouzidi,5Â Ã©toiles,"TrÃ¨s beau parque avec une nature splendide et exhÃ©burante qui laisse deviner comment Ã©tait Singapour dans le passÃ©. IdÃ©al pour la promenade, la course Ã  pied et il y a mÃªme un circuit de montagne bike. Durant la promenade, il est fort possible de rencontrer des familles de macaques."
Southern Ridges,Tito Erwan,5Â Ã©toiles,TrÃ¨s jolie promenade
Southern Ridges,ANNE T.,5Â Ã©toiles,"A l'occasion d'une randonnÃ©e pÃ©destre au sud ouest de Singapour, nous avons parcouru les ""southern ridges"". Cette balade accessible facilement nous promÃ¨ne en hauteur sur des structures mÃ©talliques longues de plusieurs km, la forest walk. â€¦"
Southern Ridges,Pierre Barbon,5Â Ã©toiles,"TrÃ¨s sympa, une balade au-dessus ou en-dessous des arbres de la jungle ! Par contre, il s'est mis Ã  pleuvoir d'un coup dommage. Nous avons vu un paon sauvage, des insectes, un Ã©cureuil et entendu tout pleins d'animaux..."
Sungei Buloh Wetland Reserve,Thibaut Maillet,5Â Ã©toiles,Jâ€™ai adore la visite. Il y a deux boucles de visite une courte et une longue qui commencent du mÃªme endroit. La courte boucle principalement sur ponton permet dâ€™aller voir des huttes qui donnent de magnifiques points de vue dans un â€¦
Sungei Buloh Wetland Reserve,christelle gobet,5Â Ã©toiles,"Fait avec notre fils de 7 ans, magnifique rÃ©serve absolument Ã  conserver !!! Aventure naturelle et sensation assurÃ©e grÃ¢ce aux crocodiles bien camouflÃ© parfois proche du chemin et des lÃ©zards gÃ©ant qui aiment se balader parfois sur le â€¦"
Sungei Buloh Wetland Reserve,Marine Monsallier,5Â Ã©toiles,"TrÃ¨s dÃ©paysant. Attention, il faut y aller 1h30 Ã  2h avant la marÃ©e basse. Meilleurs moments pour voir tous les animaux. Attention, trÃ¨s trÃ¨s compliquÃ© d'avoir un taxi pour le retour."
Kranji Marshes,lontongstroong,4Â Ã©toiles,Endroit super pittoresque et ulu oÃ¹ la plupart des visiteurs sont des ornithologues amateurs (en rencontrant quelques-uns lors de la visite). Assez difficile Ã  atteindre car les arrÃªts de bus les plus proches (sans parler des gares â€¦
Kranji Marshes,OngOng Journey,3Â Ã©toiles,"Kranji Marshes offre une Ã©vasion unique dans la nature, mais c'est un sac mitigÃ© en termes d'entretien et d'expÃ©rience. SituÃ©s Ã  Singapour, les marais sont une bonne option pour ceux qui cherchent Ã  s'immerger dans un environnement plus â€¦"
Kranji Marshes,Tani Masa,5Â Ã©toiles,"Kranji Mars est un parc naturel protÃ©gÃ©. Si vous marchez environ 15 minutes en ligne droite depuis l'entrÃ©e, vous atteindrez la plate-forme d'observation. Il y a des distributeurs automatiques de boissons et des toilettes. Il y a du personnel de nettoyage, mais il n'y a pas de gÃ©rant rÃ©sident."
West Coast Park,G CG,5Â Ã©toiles,Une formidable aire de jeux pour kids . Ombre et air marin
West Coast Park,Annie Amblard,5Â Ã©toiles,"TrÃ¨s agrÃ©able parc pour promenades , velos et aussi play grounds pour enfants"
West Coast Park,Mokhtar El Bouzidi,5Â Ã©toiles,"Parque situÃ© dans la cote ouest de Singapour et qui longe la plage. Ideal pour la promenade en famille avec une grande surface de jeux pour enfants, des toilettes propres et une douche. Ideal pour la pratique de running. Il ya mÃªme une place reservÃ©e au camping auquel on peut acceder grace Ã  une reservation."
Pasir Ris Town Park,k c123,5Â Ã©toiles,"Il s'agit d'un magnifique parc au bord de la mer, accessible depuis la station de MRT Pasir Ris. Il y a beaucoup d'arbres et vous pouvez voir passer occasionnellement des navires. Il y a plein de petits yachts blancs sur l'eau, il doit y â€¦"
Pasir Ris Town Park,Gatsby,4Â Ã©toiles,"(Oups. Ce que je voulais dire Pasir ris park.)
J'aime sortir et voir le ciel avec des nuances colorÃ©es d'orange et de jaune Ã  l'aube dans cette rÃ©gion. â€¦"
Pasir Ris Town Park,Juanjo Part,5Â Ã©toiles,"Un excellent parc urbain pour observer et photographier les oiseaux indigÃ¨nes, comme les hiboux ou les calaos, que l'on peut apercevoir assez facilement dans cette zone cÃ´tiÃ¨re."
Changi Beach Park,Franck Poncet,4Â Ã©toiles,"Plage en bout de l aÃ©roport, dommage"
Changi Beach Park,G. Ragpar,3Â Ã©toiles,Il faut savoir oublier les avions qui passent juste au dessus toutes les 5 minutes
Changi Beach Park,Maxime LMA,5Â Ã©toiles,Plage donnant sur la Malaisie. Pas mal de dÃ©chets
Pulau Ubin,Serena Conti,5Â Ã©toiles,AccÃ¨s facile en bus  jusqu'au village de chiangi puis 10 min en bateau (6dollars l'aller) les loueurs de vÃ©los sont tous la il n'y a plus qu'Ã  choisir en fonction de ce que l'on veut faire car les sentiers ont des difficultÃ©s diffÃ©rentes.
Pulau Ubin,Fab Delare,5Â Ã©toiles,"Difficile de croire qu'il faut quelques dizaines minutes de bateau pour se croire (trÃ¨s) loin de Singapour. Ici, plus de buildings mais la faune et la flore Ã  l'Ã©tat sauvage. vous pouvez facilement louer des vÃ©los pour faire le tour de cette superbe ile."
Pulau Ubin,Florian Taint,5Â Ã©toiles,"Beaucoup de belles surprises si on prend le temps d'Ã©couter et d'observer la nature.
4 dollars par personne par allÃ© c'est pas chÃ¨re payÃ© mÃªme si on rajoute 8 â€¦"
Lower Peirce Reservoir Park,Caille,5Â Ã©toiles,"Belle balade Ã  faire. Rencontre avec de beaux animaux, des serpents, tortues, loutres, poissons ...  Attention aux macaques qui volent tous ce qui est laissÃ©e sans surveillance ! Le ponton de bois qui permet de faire la balade au sec est extrÃªmement glissant faire attention surtout avec des enfants ..."
Lower Peirce Reservoir Park,Carinne Caille,5Â Ã©toiles,Magnifique... On se croirait en pleine forÃªt primaire.... TrÃ¨s tranquille... Et par endroit de l'air !! MÃªme avec le masque sa fait du bien !!
Lower Peirce Reservoir Park,Meng Fai Yip,5Â Ã©toiles,"AprÃ¨s avoir parcouru toute la longueur du parc Bishan-Ang Mo Kio, suivi de celui du parc Bishan-Ang Mo Kio 1 (le ""cÃ´tÃ© Ang Mo Kio"" du parc Bishan-Ang Mo Kio), j'ai dÃ©cidÃ© de descendre plus loin jusqu'au parc Lower Peirce Reservoir. Avec le â€¦"
The Strength Yard,Jane,5Â Ã©toiles,"Je m'entraÃ®ne Ã  The Strength Yard avec Jon comme entraÃ®neur depuis septembre 2022. Depuis, je suis passÃ©e du statut de grimpeuse en quÃªte de changement Ã  celui de m'entraÃ®ner pendant la grossesse, et maintenant je travaille Ã  amÃ©liorer mes â€¦"
The Strength Yard,Sandra Cao,5Â Ã©toiles,"J'ai rejoint le cours de musculation progressive Strength Yard il y a environ 8 mois et je me sens fantastique ! GrÃ¢ce aux conseils clairs et attentifs de mon coach, Syam, je peux constater des progrÃ¨s lÃ©gers mais constants dans toutes mes â€¦"
The Strength Yard,Zahid Siraj,5Â Ã©toiles,"la salle de musculation est une salle de sport trÃ¨s spÃ©ciale, les entraÃ®neurs sont accueillants et vous avez l'impression d'appartenir Ã  la salle quel que soit votre niveau de forme physique. trÃ¨s belle communautÃ© et vaut vraiment la peine d'en faire votre salle de sport Ã  domicile !! recommande vivement cet endroit !!"
Genesis Gym,Ruth Zhang,5Â Ã©toiles,"Cette salle de sport est incroyable, avec des installations complÃ¨tes, des entraÃ®neurs professionnels et des plans d'entraÃ®nement personnalisÃ©s. Une salle de sport super propre et confortable pour que tout le monde, des dÃ©butants aux â€¦"
Genesis Gym,andy huang,5Â Ã©toiles,"Merci Ã  Jonathan d'avoir aidÃ© mon fils Ã  se remettre d'une blessure, ce qui est trÃ¨s utile. Il s'est foulÃ© la cheville hier avant l'entraÃ®nement de football, il ne pouvait plus marcher Ã  ce moment-lÃ , alors qu'il a Ã©tÃ© soignÃ© sans dÃ©lai. â€¦"
Genesis Gym,Home Fun,5Â Ã©toiles,"Je me suis inscrit au Genesis Gym Ã  Newton il y a un an. Mon expÃ©rience lÃ -bas a Ã©tÃ© superbe. Les entraÃ®neurs (Ray, Marvin et Iskandar) ont Ã©tÃ© trÃ¨s encourageants tout au long du programme. Le programme dâ€™entraÃ®nement de chacun est â€¦"
BFT Kembangan,Guo En Nicholas Chang,5Â Ã©toiles,"Une fois, j'ai donnÃ© 4 Ã©toiles Ã  cause d'un entraÃ®neur Â« anomalie Â» qui expliquait mal les exercices et manquait d'enthousiasme. Mais je ne l'ai pas vu dans les parages, je modifie donc mon avis Ã  5 Ã©toiles. â€¦"
BFT Kembangan,Wen Yan Cheong,1Â Ã©toile,"J'ai achetÃ© un essai de 2 semaines, rÃ©servÃ© quelques cours mais annulÃ© parce que je suis tombÃ© malade. Mais ils ont apparemment Â« comptÃ© Â» ma premiÃ¨re rÃ©servation mÃªme si jâ€™ai annulÃ© Ã  temps ! Je n'ai littÃ©ralement rÃ©ussi Ã  assister qu'Ã  UN â€¦"
BFT Kembangan,Jervin Seow,5Â Ã©toiles,"Je viens rÃ©guliÃ¨rement depuis quelques mois. Superbes entraÃ®nements, Ã©quipements, musique et personnel. Il nâ€™y a pas beaucoup de monde pour le moment et câ€™est un avantage pour moi. Excellentes options de restauration Ã  proximitÃ© pour les repas aprÃ¨s l'entraÃ®nement Ã©galement !"
Elevate: The Barbell Club,Andy Tan,5Â Ã©toiles,"Lâ€™Ã©quipement est au top et lâ€™ambiance est incroyablement motivante. Les coachs sont compÃ©tents, solidaires et vÃ©ritablement investis pour vous aider Ã  atteindre vos objectifs. Que vous soyez dÃ©butant en dynamophilie ou compÃ©titeur â€¦"
Elevate: The Barbell Club,Patricia Quek,5Â Ã©toiles,Superbe sÃ©ance de PT avec JoÃ«l !! Je m'entraÃ®ne avec Joel depuis 4 mois. Il veille Ã  ce que ma technique soit toujours correcte pour Ã©viter toute blessure. C'est un entraÃ®neur personnel extrÃªmement fiable. Il vÃ©rifiera avec moi mes â€¦
Elevate: The Barbell Club,RMKH,5Â Ã©toiles,Je me suis inscrit Ã  leur cours de force de base et jâ€™en ai grandement bÃ©nÃ©ficiÃ©.  Les techniques enseignÃ©es par l'instructeur Joel m'ont aidÃ© Ã  soulever beaucoup plus de poids en toute sÃ©curitÃ© pendant cette courte durÃ©e.
Bishan ActiveSG Gym,elayna chin,5Â Ã©toiles,La salle de sport spacieuse Ã©quipÃ©e de nombreuses machines d'entraÃ®nement a tendance Ã  Ãªtre bondÃ©e aux heures de pointe car elle se trouve Ã  un Ã©changeur. â€¦
Bishan ActiveSG Gym,Jerry Yao,4Â Ã©toiles,"Un peu de monde le dimanche aprÃ¨s-midi. Mais dans lâ€™ensemble, tout va bien et vous pouvez toujours utiliser certains des Ã©quipements clÃ©s. On dirait quâ€™il existe ici aussi une bonne culture du partage dâ€™Ã©quipement."
Bishan ActiveSG Gym,Darren Lim,4Â Ã©toiles,"2,5 $ par entrÃ©e.

1x support de squat et 1x banc. Pas de plate-forme de soulevÃ© de terre et une â€¦"
Revolution Orchard,,4Â Ã©toiles,
Revolution Orchard,,1Â Ã©toile,
Revolution Orchard,,1Â Ã©toile,
Barryâ€™s - Raffles Place,,5Â Ã©toiles,
Barryâ€™s - Raffles Place,,1Â Ã©toile,
Barryâ€™s - Raffles Place,,1Â Ã©toile,
Yoga Movement Serangoon Gardens,,4Â Ã©toiles,
Yoga Movement Serangoon Gardens,,2Â Ã©toiles,
Yoga Movement Serangoon Gardens,,5Â Ã©toiles,
PURE Yoga Asia Square Tower 1,,5Â Ã©toiles,
PURE Yoga Asia Square Tower 1,,5Â Ã©toiles,
PURE Yoga Asia Square Tower 1,,5Â Ã©toiles,
Gold's Gym Personal Training - Crane Road,,3Â Ã©toiles,
The Executive Centre - Ocean Financial Centre,,2Â Ã©toiles,
The Executive Centre - Ocean Financial Centre,,1Â Ã©toile,
The Executive Centre - Ocean Financial Centre,,5Â Ã©toiles,
UClub Bugis Junction Co-working Space Singapore,,5Â Ã©toiles,
UClub Bugis Junction Co-working Space Singapore,,3Â Ã©toiles,
UClub Bugis Junction Co-working Space Singapore,,5Â Ã©toiles,
Workbuddy,Shujaat Ali,5Â Ã©toiles,workbuddy a changÃ© la donne pour moi ! J'utilise l'application workbuddy depuis deux ans et l'expÃ©rience a Ã©tÃ© tout simplement incroyable. â€¦
Workbuddy,Karan Monga,5Â Ã©toiles,"Passer des cafÃ©s aux espaces de travail entre collÃ¨gues a fait une Ã©norme diffÃ©rence dans ma productivitÃ©. L'environnement calme et professionnel est parfait pour aborder des projets privÃ©s sans distractions. De plus, le Wi-Fi rapide, les â€¦"
Workbuddy,Mohan Belani,5Â Ã©toiles,L'Ã©quipe de Workbuddy est composÃ©e d'un groupe de personnes dÃ©vouÃ©es et travailleuses qui feront tout leur possible pour garantir que les membres sont bien soutenus et que leurs besoins sont satisfaits. Ils disposent d'un grand choix d'espaces qui font du travail flexible un rÃªve.
The Working Capitol,,5Â Ã©toiles,
The Working Capitol,,5Â Ã©toiles,
The Working Capitol,,5Â Ã©toiles,
JustCo â€“ 120 Robinson Road Coworking & Office Space,,2Â Ã©toiles,
JustCo â€“ 120 Robinson Road Coworking & Office Space,,5Â Ã©toiles,
JustCo â€“ 120 Robinson Road Coworking & Office Space,,5Â Ã©toiles,
One&Co,,5Â Ã©toiles,
One&Co,,5Â Ã©toiles,
One&Co,,5Â Ã©toiles,
the Hive Carpenter,,5Â Ã©toiles,
the Hive Carpenter,,5Â Ã©toiles,
the Hive Carpenter,,5Â Ã©toiles,
WeWork - Office Space & Coworking,Yitch (Yitch),4Â Ã©toiles,"Trop de portes. Mais la biÃ¨re coÃ»te 10 Ã  10, donc c'est un plus.

Le garde-manger au niveau 5 offre une belle vue pour le dÃ©jeuner. Les toilettes â€¦"
WeWork - Office Space & Coworking,Lee Mun Tai,2Â Ã©toiles,"Espace commun agrÃ©able et spacieux, mais places assises plutÃ´t limitÃ©es. Le garde-manger Ã©tait trÃ¨s dÃ©cevant, avec de nombreux appareils hors service et c'est sale. Des taches de lait et de cafÃ©, certaines coulant mÃªme sur les portes du refroidisseur."
WeWork - Office Space & Coworking,xinlin tan,1Â Ã©toile,SÃ©rieusement dÃ©goÃ»tant. Les toilettes sont humides et sales et la poubelle dÃ©borde constamment. Les tasses ne sont pas correctement lavÃ©es. J'ai pris quelques tasses sur l'Ã©tagÃ¨re du garde-manger aujourd'hui et l'une avait des taches de â€¦
Vertical Space,,5Â Ã©toiles,
Vertical Space,,1Â Ã©toile,
Vertical Space,,5Â Ã©toiles,
O2Work,Allison Saradetch,3Â Ã©toiles,"C'est formidable de venir travailler prÃ¨s de chez moi. Profitez du calme et de la climatisation, surtout pendant cette pÃ©riode chaude et humide ! L'endroit est agrÃ©able et aÃ©rÃ© et beaucoup de lumiÃ¨re naturelle entre puisque les murs sont â€¦"
library@chinatown,,4Â Ã©toiles,
library@chinatown,,4Â Ã©toiles,
library@chinatown,,3Â Ã©toiles,
library@harbourfront,,5Â Ã©toiles,
library@harbourfront,,4Â Ã©toiles,
library@harbourfront,,5Â Ã©toiles,
Toa Payoh Public Library,,5Â Ã©toiles,
Toa Payoh Public Library,,5Â Ã©toiles,
Toa Payoh Public Library,,5Â Ã©toiles,
Ang Mo Kio Public Library,,5Â Ã©toiles,
Ang Mo Kio Public Library,,4Â Ã©toiles,
Ang Mo Kio Public Library,,5Â Ã©toiles,
Clementi Public Library,,5Â Ã©toiles,
Clementi Public Library,,3Â Ã©toiles,
Clementi Public Library,,4Â Ã©toiles,
Serangoon Public Library,,4Â Ã©toiles,
Serangoon Public Library,,5Â Ã©toiles,
Serangoon Public Library,,2Â Ã©toiles,
Yishun Public Library,,5Â Ã©toiles,
Yishun Public Library,,1Â Ã©toile,
Yishun Public Library,,3Â Ã©toiles,
Pasir Ris Public Library,,4Â Ã©toiles,
Pasir Ris Public Library,,4Â Ã©toiles,
Pasir Ris Public Library,,4Â Ã©toiles,
Geylang East Public Library,,5Â Ã©toiles,
Geylang East Public Library,,5Â Ã©toiles,
Geylang East Public Library,,5Â Ã©toiles,
Sembawang Public Library,,5Â Ã©toiles,
Sembawang Public Library,,1Â Ã©toile,
Sembawang Public Library,,1Â Ã©toile,
