label,latitude,longitude,description,category,link
Toby's Estate Coffee Roasters Singapore,1.2899494,103.8348193,Riverside specialty coffee,Cafe,"https://www.google.com/maps/place/Toby's+Estate+Coffee+Roasters+Singapore/@1.2899494,103.8348193,17z/data=!3m2!4b1!5s0x31da199d9509c63d:0xe0c66906d3fb7ae9!4m6!3m5!1s0x31da199d92d6ef4d:0xdfcb4b80dde64edb!8m2!3d1.2899494!4d103.8373996!16s%2Fg%2F1tmqcr32?entry=ttu&g_ep=EgoyMDI1MDIxMi4wIKXMDSoASAFQAw%3D%3D"
The Populus,1.2782503,103.838059,Trendy café & brunch spot,Cafe,"https://www.google.com/maps/place/The+Populus/@1.2782503,103.838059,17z/data=!3m2!4b1!5s0x31da196db8df8505:0xbe47defa4f493855!4m6!3m5!1s0x31da196db97648e3:0x3b53f4f43ac0f403!8m2!3d1.2782503!4d103.8406393!16s%2Fg%2F11c3svtwdc?entry=ttu&g_ep=EgoyMDI1MDIxMi4wIKXMDSoASAFQAw%3D%3D"
Jimmy Monkey Cafe & Bar,1.3018774,103.7876701,Cozy industrial-style café,Cafe,"https://www.google.com/maps/place/Jimmy+Monkey+Cafe+%26+Bar/@1.3018774,103.7876701,17z/data=!3m2!4b1!5s0x31da1a44174e2aeb:0x242e4a73e6ee6177!4m6!3m5!1s0x31da1a4459d1acb5:0x62d198a10ef690fe!8m2!3d1.3018774!4d103.7902504!16s%2Fg%2F1tftbvlm?entry=ttu&g_ep=EgoyMDI1MDIxMi4wIKXMDSoASAFQAw%3D%3D"
Twenty Eight Cafe,1.3021496,103.8462228,Minimalist brunch café,Cafe,"https://www.google.com/maps/place/Twenty+Eight+Cafe/@1.3021496,103.8462228,17z/data=!3m1!4b1!4m6!3m5!1s0x31da19bc39151411:0x8882b89528423761!8m2!3d1.3021496!4d103.8488031!16s%2Fg%2F11ggz661jl?entry=ttu&g_ep=EgoyMDI1MDIxMi4wIKXMDSoASAFQAw%3D%3D"
Glasshouse,1.2955796,103.7863971,Glasshouse-style coffee spot,Cafe,"https://www.google.com/maps/place/Glasshouse/@1.2955796,103.7863971,13z/data=!4m10!1m2!2m1!1sGlasshouse!3m6!1s0x31da19a4418be899:0x9c4b2fe5f78e38f4!8m2!3d1.2955796!4d103.8523151!15sCgpHbGFzc2hvdXNlWgwiCmdsYXNzaG91c2WSAQRjYWZl4AEA!16s%2Fg%2F11f0kspc66?entry=ttu&g_ep=EgoyMDI1MDIxMi4wIKXMDSoASAFQAw%3D%3D"
The Local Cafe,1.3457541,103.874488,Local cafe with great coffee,Cafe,"https://www.google.com/maps/place/The+Local+Cafe/@1.3457541,103.874488,16z/data=!4m10!1m2!2m1!1sThe+Local+Cafe!3m6!1s0x31da171f1479fbe9:0xa2e4791ab9eb0673!8m2!3d1.3457541!4d103.8827277!15sCg5UaGUgTG9jYWwgQ2FmZVoQIg50aGUgbG9jYWwgY2FmZZIBBGNhZmXgAQA!16s%2Fg%2F11t_g_6_wm?entry=ttu&g_ep=EgoyMDI1MDIxMi4wIKXMDSoASAFQAw%3D%3D"
Sarnies,1.2816389,103.8453891,Rustic cafe with sandwiches,Cafe,"https://www.google.com/maps/place/Sarnies/@1.2829587,103.8446925,17z/data=!3m1!5s0x31da190da919fc4f:0x2ae707f0d876760c!4m10!1m2!2m1!1sSarnies!3m6!1s0x31da190daf2da00b:0x3dc3a97f2247c127!8m2!3d1.2816389!4d103.8479694!15sCgdTYXJuaWVzWgkiB3Nhcm5pZXOSAQRjYWZl4AEA!16s%2Fg%2F1yfprs0nf?entry=ttu&g_ep=EgoyMDI1MDIxMi4wIKXMDSoASAFQAw%3D%3D"
Craftsmen Coffee (Holland V),1.31178,103.762293,Holland Village coffee hub,Cafe,"https://www.google.com/maps/place/Craftsmen+Coffee+(Holland+V)/@1.31178,103.7926717,17z/data=!3m2!4b1!5s0x31da1a6ba7e778e5:0x83f0f05bb480a1e7!4m6!3m5!1s0x31da1b5bfd7dc201:0xe75082d4c95899a0!8m2!3d1.31178!4d103.795252!16s%2Fg%2F11g0gb5ygz?entry=ttu&g_ep=EgoyMDI1MDIxMi4wIKXMDSoASAFQAw%3D%3D"
Alchemist The Heeren,1.3117786,103.7002762,Hip specialty coffee roaster,Cafe,"https://www.google.com/maps/place/Alchemist+The+Heeren/@1.3022428,103.8349481,17z/data=!3m2!4b1!5s0x31da1990375bad97:0x6b755ef64ef24c2a!4m6!3m5!1s0x31da198a0b440a03:0x47d8c0ee325907f5!8m2!3d1.3022428!4d103.8375284!16s%2Fg%2F11j535rkpj?entry=ttu&g_ep=EgoyMDI1MDIxMi4wIKXMDSoASAFQAw%3D%3D"
Dutch Colony Coffee Co.,1.3142592,103.7876703,Dutch-style café & roastery,Cafe,"https://www.google.com/maps/place/Dutch+Colony+Coffee+Co./@1.3142592,103.8535882,13z/data=!3m1!5s0x31da3d11f5d025fb:0xba564ad7696d844d!4m10!1m2!2m1!1sDutch+Colony+Coffee+Co.!3m6!1s0x31da3d528b831b0f:0xf979dffefba91622!8m2!3d1.3521068!4d103.9411532!15sChdEdXRjaCBDb2xvbnkgQ29mZmVlIENvLiIDiAEBWhgiFmR1dGNoIGNvbG9ueSBjb2ZmZWUgY2-SAQtjb2ZmZWVfc2hvcOABAA!16s%2Fg%2F11ny22_zq0?entry=ttu&g_ep=EgoyMDI1MDIxMi4wIKXMDSoASAFQAw%3D%3D"
Atlas Café,1.3001138,103.8551951,High-end gin & cocktail bar,Bar,"https://www.google.com/maps/place/Atlas+Caf%C3%A9/@1.3001138,103.5941035,11z/data=!3m1!5s0x31da19cf77deabb3:0x7e5fdc85fd44c9c5!4m10!1m2!2m1!1sAtlas+Caf%C3%A9!3m6!1s0x31da19b066f8cac9:0x1a822ab9ded25293!8m2!3d1.3001138!4d103.8577754!15sCgtBdGxhcyBDYWbDqVoNIgthdGxhcyBjYWbDqZIBDGNvY2t0YWlsX2JhcuABAA!16s%2Fg%2F11g6mh85c_?entry=ttu&g_ep=EgoyMDI1MDIxMi4wIKXMDSoASAFQAw%3D%3D"
The Secret Mermaid,1.2829467,103.8491274,Speakeasy-style cocktail bar,Bar,"https://www.google.com/maps/place/The+Secret+Mermaid/@1.2829467,103.8491274,17z/data=!3m2!4b1!5s0x31da190e951c56d9:0xcd819c6405205f08!4m6!3m5!1s0x31da190e951aa29f:0x74578be7bdf9f7d2!8m2!3d1.2829467!4d103.8517077!16s%2Fg%2F11b6nld62d?entry=ttu&g_ep=EgoyMDI1MDIxMi4wIKXMDSoASAFQAw%3D%3D"
D.Bespoke,1.2787135,103.8384739,Luxury whisky & cocktail lounge,Bar,"https://www.google.com/maps/place/D.Bespoke/@1.2787135,103.8384739,17z/data=!3m2!4b1!5s0x31da196d916a2dbb:0x52985a1b6bfb9aa9!4m6!3m5!1s0x31da196d97ab6b7d:0x192ea5339324a4c7!8m2!3d1.2787135!4d103.8410542!16s%2Fg%2F11b6ns6k_5?entry=ttu&g_ep=EgoyMDI1MDIxMi4wIKXMDSoASAFQAw%3D%3D"
MO BAR,1.29063,103.8558597,Elegant bar with skyline views,Bar,"https://www.google.com/maps/place/MO+BAR/@1.29063,103.8558597,17z/data=!3m2!4b1!5s0x31da19a8f37be3f1:0xc77b3af91350f347!4m6!3m5!1s0x31da192fdce3774b:0xeceb7ebcb22b3b74!8m2!3d1.29063!4d103.85844!16s%2Fg%2F11gmzr9tph?entry=ttu&g_ep=EgoyMDI1MDIxMi4wIKXMDSoASAFQAw%3D%3D"
Employees Only Singapore,1.2820556,103.8450968,New York-inspired cocktail bar,Bar,"https://www.google.com/maps/place/Employees+Only+Singapore/@1.2820556,103.8450968,17z/data=!3m1!4b1!4m6!3m5!1s0x31da190d000c726b:0xbf4dc480c93125a6!8m2!3d1.2820556!4d103.8476771!16s%2Fg%2F11cn9p2z1r?entry=ttu&g_ep=EgoyMDI1MDIxMi4wIKXMDSoASAFQAw%3D%3D"
Whiskey Library & Jazz Club,1.3069404,103.8558363,Jazz & whisky experience,Bar,"https://www.google.com/maps/place/Whiskey+Library+%26+Jazz+Club/@1.3069404,103.8558363,17z/data=!3m2!4b1!5s0x31da19b7c4f44af9:0x98dac0f3ce1d4699!4m6!3m5!1s0x31da1955e08469b3:0xc53354ae4c277508!8m2!3d1.3069404!4d103.8584166!16s%2Fg%2F11h27wqt2j?entry=ttu&g_ep=EgoyMDI1MDIxMi4wIKXMDSoASAFQAw%3D%3D"
Smoke & Mirrors,1.2904173,103.8492304,Skyline bar with panoramic views,Bar,"https://www.google.com/maps/place/Smoke+%26+Mirrors/@1.2904173,103.8492304,17z/data=!3m1!4b1!4m6!3m5!1s0x31da19a73e9e2bbf:0xfb097f2a0268aad!8m2!3d1.2904173!4d103.8518107!16s%2Fg%2F11bw_65mg8?entry=ttu&g_ep=EgoyMDI1MDIxMi4wIKXMDSoASAFQAw%3D%3D"
Nutmeg & Clove,1.2967133,103.8526392,Classic cocktails with spices,Bar,"https://www.google.com/maps/place/Nutmeg+%26+Clove/@1.2967133,103.8526392,17z/data=!3m1!4b1!4m6!3m5!1s0x31da190d388c7df7:0x56e940a72c074697!8m2!3d1.2967133!4d103.8552195!16s%2Fg%2F11bbx107d5?entry=ttu&g_ep=EgoyMDI1MDIxMi4wIKXMDSoASAFQAw%3D%3D"
The Other Room,1.3053584,103.8302505,Hidden lounge with unique drinks,Bar,"https://www.google.com/maps/place/The+Other+Room/@1.3053584,103.8302505,17z/data=!3m2!4b1!5s0x31da198d87d8f16f:0xfeeaa464762d4970!4m6!3m5!1s0x31da198d84a8766d:0x5a466a0965b64840!8m2!3d1.3053584!4d103.8328308!16s%2Fg%2F11c562btr8?entry=ttu&g_ep=EgoyMDI1MDIxMi4wIKXMDSoASAFQAw%3D%3D"
The Elephant Room Singapore,1.279188,103.8414277,Indian-inspired cocktail bar,Bar,"https://www.google.com/maps/place/The+Elephant+Room+Singapore/@1.279188,103.8414277,17z/data=!3m2!4b1!5s0x31da1913031d08b3:0x680cbd33efd37d58!4m6!3m5!1s0x31da195ff1323fbd:0x9c41c9387c879f32!8m2!3d1.279188!4d103.844008!16s%2Fg%2F11fnqk14p6?entry=ttu&g_ep=EgoyMDI1MDIxMi4wIKXMDSoASAFQAw%3D%3D"
St. Joseph's Church (Bukit Timah),1.3681915,103.7343445,Historic Catholic church,Place of Worship,"https://www.google.com/maps/place/St.+Joseph's+Church+(Bukit+Timah)/@1.3681915,103.7647232,17z/data=!3m2!4b1!5s0x31da11ac4e1ee2bb:0xb9a4fdc0ea44918d!4m6!3m5!1s0x31da11ac48f249fd:0x49a2327ffda03a1a!8m2!3d1.3681915!4d103.7673035!16s%2Fg%2F119v0hld6?entry=ttu&g_ep=EgoyMDI1MDIxMi4wIKXMDSoASAFQAw%3D%3D"
Church of Saints Peter & Paul,1.2977353,103.8489362,Gothic-style Catholic church,Place of Worship,"https://www.google.com/maps/place/Church+of+Saints+Peter+%26+Paul/@1.2977847,103.8488122,17z/data=!3m1!4b1!4m6!3m5!1s0x31da19a4afd69c1f:0x5081267f983b3e79!8m2!3d1.2977847!4d103.8513925!16zL20vMGIxMzc2?entry=ttu&g_ep=EgoyMDI1MDIxMi4wIKXMDSoASAFQAw%3D%3D"
Church of Our Lady of Lourdes,1.3032135,103.8530177,Iconic Catholic pilgrimage site,Place of Worship,"https://www.google.com/maps/place/Church+of+Our+Lady+of+Lourdes/@1.3032135,103.8530177,17z/data=!4m10!1m2!2m1!1sChurch+of+Our+Lady+of+Lourdes!3m6!1s0x31da19b9ff36987f:0xc0704d38c9ae630b!8m2!3d1.303175!4d103.855785!15sCh1DaHVyY2ggb2YgT3VyIExhZHkgb2YgTG91cmRlc5IBD2NhdGhvbGljX2NodXJjaOABAA!16zL20vMGIwaGhw?entry=ttu&g_ep=EgoyMDI1MDIxMi4wIKXMDSoASAFQAw%3D%3D"
Masjid Sultan Singapore,1.3022854,103.8563833,Famous mosque with golden dome,Place of Worship,"https://www.google.com/maps/place/Mosqu%C3%A9e+du+Sultan+(Masjid+Sultan)/@1.3022854,103.8563833,17z/data=!3m2!4b1!5s0x31da19b08b19d0a1:0xcfd0cdfc7df7b713!4m6!3m5!1s0x31da19b0d96aac6f:0xfca1ad52b1fa5313!8m2!3d1.3022854!4d103.8589636!16zL20vMDU5N3N2?entry=ttu&g_ep=EgoyMDI1MDIxMi4wIKXMDSoASAFQAw%3D%3D"
Sri Srinivasa Perumal Temple,1.3132706,103.8534926,Colorful Hindu temple,Place of Worship,"https://www.google.com/maps/place/Sri+Srinivasa+Perumal+Temple/@1.3132706,103.8534926,17z/data=!3m1!4b1!4m6!3m5!1s0x31da19cf604b824b:0xffd96242e60eb51!8m2!3d1.3132706!4d103.8560729!16zL20vMGZsMWZj?entry=ttu&g_ep=EgoyMDI1MDIxMi4wIKXMDSoASAFQAw%3D%3D"
Wat Ananda Metyarama,1.278348,103.8264127,Thai Buddhist temple,Place of Worship,"https://www.google.com/maps/place/Wat+Ananda+Metyarama/@1.278348,103.8264127,17z/data=!3m1!4b1!4m6!3m5!1s0x31da1964ec82cda3:0xb00689d806e0986!8m2!3d1.278348!4d103.828993!16s%2Fm%2F0ngv9rh?entry=ttu&g_ep=EgoyMDI1MDIxMi4wIKXMDSoASAFQAw%3D%3D"
Sakya Muni Buddha Gaya Temple,1.3147222,103.8543641,Giant Buddha statue temple,Place of Worship,"https://www.google.com/maps/place/Sakya+Muni+Buddha+Gaya+Temple/@1.3147222,103.8543641,17z/data=!3m2!4b1!5s0x31da19cf787cda7f:0x1882e03adeea859b!4m6!3m5!1s0x31da19cf7860054b:0x209f6d054c66577e!8m2!3d1.3147222!4d103.8569444!16zL20vMDNxNzZ5?entry=ttu&g_ep=EgoyMDI1MDIxMi4wIKXMDSoASAFQAw%3D%3D"
Chesed-El Synagogue,1.2974527,103.8400351,Historic Jewish synagogue,Place of Worship,"https://www.google.com/maps/place/Chesed-El+Synagogue/@1.2974527,103.8400351,17z/data=!3m1!4b1!4m6!3m5!1s0x31da199838190673:0xfc0be0bc07a8a387!8m2!3d1.2974527!4d103.8426154!16zL20vMGN3d3Zi?entry=ttu&g_ep=EgoyMDI1MDIxMi4wIKXMDSoASAFQAw%3D%3D"
Central Sikh Gurdwara,1.2980294,103.8257178,Sikh temple & community hub,Place of Worship,"https://www.google.com/maps/place/Central+Sikh+Gurdwara/@1.2980294,103.8257178,14z/data=!3m1!5s0x31da19d1a34d551b:0x8679c8f272ee141a!4m10!1m2!2m1!1sCentral+Sikh+Gurdwara!3m6!1s0x31da19d1bb70a029:0x5bcd4cfcc34af53e!8m2!3d1.3189534!4d103.8602241!15sChVDZW50cmFsIFNpa2ggR3VyZHdhcmGSAQtzaWtoX3RlbXBsZeABAA!16s%2Fg%2F1tg7pjhx?entry=ttu&g_ep=EgoyMDI1MDIxMi4wIKXMDSoASAFQAw%3D%3D"
Foo Hai Ch'an Monastery,1.3179333,103.885788,Peaceful Buddhist monastery,Place of Worship,"http://google.com/maps/place/Foo+Hai+Ch'an+Monastery/@1.3179333,103.885788,17z/data=!3m1!4b1!4m6!3m5!1s0x31da1822e78f8101:0x196771d58626ed0a!8m2!3d1.3179333!4d103.8883683!16s%2Fm%2F011sm54y?entry=ttu&g_ep=EgoyMDI1MDIxMi4wIKXMDSoASAFQAw%3D%3D"
Jurong Lake Gardens,1.3358997,103.7235938,Lakeside park with nature trails,Park,"https://www.google.com/maps/place/Jurong+Lake+Gardens/@1.3358997,103.7235938,17z/data=!3m1!4b1!4m6!3m5!1s0x31da0ffd28f00259:0x6f21e436ac8c03f8!8m2!3d1.3358997!4d103.7261741!16s%2Fg%2F119t6xm7s?entry=ttu&g_ep=EgoyMDI1MDIxMi4wIKXMDSoASAFQAw%3D%3D"
Bukit Timah Nature Reserve,1.3483883,103.7741207,Rainforest nature reserve,Park,"https://www.google.com/maps/place/Bukit+Timah+Nature+Reserve/@1.3483883,103.7741207,17z/data=!3m1!4b1!4m6!3m5!1s0x31da10f5981ed73b:0x7b421dc2a7c58be!8m2!3d1.3483883!4d103.776701!16zL20vMDVwZGY5?entry=ttu&g_ep=EgoyMDI1MDIxMi4wIKXMDSoASAFQAw%3D%3D"
Southern Ridges,1.2790199,103.8069149,Hiking trails with great views,Park,"https://www.google.com/maps/place/Southern+Ridges/@1.2790199,103.8069149,17z/data=!3m1!4b1!4m6!3m5!1s0x31da1bdfc555553b:0x6635dceabafaf24e!8m2!3d1.2790199!4d103.8094952!16s%2Fm%2F047c_cg?entry=ttu&g_ep=EgoyMDI1MDIxMi4wIKXMDSoASAFQAw%3D%3D"
Sungei Buloh Wetland Reserve,1.4464304,103.7151643,Mangrove nature reserve,Park,"https://www.google.com/maps/place/Sungei+Buloh+Wetland+Reserve/@1.4464304,103.7151643,16z/data=!4m10!1m2!2m1!1sSungei+Buloh+Wetland+Reserve!3m6!1s0x31da12823e04477b:0x1c3bc6abdad2fab3!8m2!3d1.4464304!4d103.723404!15sChxTdW5nZWkgQnVsb2ggV2V0bGFuZCBSZXNlcnZlWh4iHHN1bmdlaSBidWxvaCB3ZXRsYW5kIHJlc2VydmWSAQ9uYXR1cmVfcHJlc2VydmXgAQA!16zL20vMDVwZGw3?entry=ttu&g_ep=EgoyMDI1MDIxMi4wIKXMDSoASAFQAw%3D%3D"
Kranji Marshes,1.4196408,103.7179381,Wetland with birdwatching,Park,"https://www.google.com/maps/place/Kranji+Marshes/@1.4196408,103.7179381,17z/data=!3m1!4b1!4m6!3m5!1s0x31da0df5fc08d7dd:0x97bbe3d7341e764e!8m2!3d1.4196408!4d103.7205184!16s%2Fg%2F11hch_3wt5?entry=ttu&g_ep=EgoyMDI1MDIxMi4wIKXMDSoASAFQAw%3D%3D"
West Coast Park,1.2941659,103.7611659,Seaside park with playgrounds,Park,"https://www.google.com/maps/place/West+Coast+Park/@1.2913603,103.7640731,17z/data=!3m1!4b1!4m6!3m5!1s0x31da1afce2a4cb43:0xec3241e1e8d3caa8!8m2!3d1.2913603!4d103.7666534!16s%2Fm%2F064qbmm?entry=ttu&g_ep=EgoyMDI1MDIxMi4wIKXMDSoASAFQAw%3D%3D"
Pasir Ris Town Park,1.3760966,103.9058835,Green oasis in the city,Park,"https://www.google.com/maps/place/Pasir+Ris+Town+Park/@1.3841067,103.924913,14z/data=!4m10!1m2!2m1!1sPasir+Ris+Town+Park!3m6!1s0x31da3dc871613935:0xad6472b08653fb05!8m2!3d1.3720588!4d103.95268!15sChNQYXNpciBSaXMgVG93biBQYXJrWhUiE3Bhc2lyIHJpcyB0b3duIHBhcmuSAQRwYXJr4AEA!16zL20vMGI0XzI2?entry=ttu&g_ep=EgoyMDI1MDIxMi4wIKXMDSoASAFQAw%3D%3D"
Changi Beach Park,1.3912863,103.9879661,Coastal park with beaches,Park,"https://www.google.com/maps/place/Changi+Beach+Park/@1.3912863,103.9879661,17z/data=!3m1!4b1!4m6!3m5!1s0x31da3c0b63da3653:0xe8220a55468c725c!8m2!3d1.3912863!4d103.9905464!16zL20vMGZqYmM1?entry=ttu&g_ep=EgoyMDI1MDIxMi4wIKXMDSoASAFQAw%3D%3D"
Pulau Ubin,1.4135642,103.9180991,Rustic island with hiking trails,Park,"https://www.google.com/maps/place/Pulau+Ubin/@1.4135642,103.9180991,13z/data=!3m1!4b1!4m6!3m5!1s0x31da3e623f15c661:0xac4f288dcb813841!8m2!3d1.4125659!4d103.9577334!16zL20vMDJfdjg3?entry=ttu&g_ep=EgoyMDI1MDIxMi4wIKXMDSoASAFQAw%3D%3D"
Lower Peirce Reservoir Park,1.371587,103.8094105,Reservoir park with peaceful lake,Park,"https://www.google.com/maps/place/Lower+Peirce+Reservoir+Park/@1.371587,103.8085277,15z/data=!4m10!1m2!2m1!1sLower+Peirce+Reservoir+Park!3m6!1s0x31da16d246d81d43:0xf3e0382d9c7b764c!8m2!3d1.3720142!4d103.8257891!15sChtMb3dlciBQZWlyY2UgUmVzZXJ2b2lyIFBhcmtaHSIbbG93ZXIgcGVpcmNlIHJlc2Vydm9pciBwYXJrkgEEcGFya5oBI0NoWkRTVWhOTUc5blMwVkpRMEZuU1VSdExWbzNXVWRCRUFF4AEA-gEECAAQLw!16s%2Fg%2F11c59rm3tg?entry=ttu&g_ep=EgoyMDI1MDIxMi4wIKXMDSoASAFQAw%3D%3D"
The Strength Yard,1.308141,103.9008267,Strength training gym,Gym,"https://www.google.com/maps/place/The+Strength+Yard/@1.308141,103.9008267,17z/data=!3m2!4b1!5s0x31da180d5ac9cac1:0xdd2f46255b37b055!4m6!3m5!1s0x31da1811c18f126f:0x7dce37f97a365fa3!8m2!3d1.308141!4d103.903407!16s%2Fg%2F11b5qt681r?entry=ttu&g_ep=EgoyMDI1MDIxMi4wIKXMDSoASAFQAw%3D%3D"
Genesis Gym,1.3081396,103.8208227,Personalized fitness coaching,Gym,"https://www.google.com/maps/place/Genesis+Gym/@1.3104462,103.8406868,18.88z/data=!4m10!1m2!2m1!1sGenesis+Gym!3m6!1s0x31da196cd7e6a2a7:0xdd07d32a70203f5f!8m2!3d1.3101947!4d103.8417144!15sCgtHZW5lc2lzIEd5bZIBEHBlcnNvbmFsX3RyYWluZXLgAQA!16s%2Fg%2F11_f46g4y?entry=ttu&g_ep=EgoyMDI1MDIxMi4wIKXMDSoASAFQAw%3D%3D"
BFT Kembangan,1.313843,103.7253621,Boutique functional training gym,Gym,"https://www.google.com/maps/place/BFT+Kembangan/@1.3185132,103.9086921,17z/data=!3m2!4b1!5s0x31da1806528b573f:0x10281f20a4fee75b!4m6!3m5!1s0x31da19dc16f60b99:0x21fd39e659353c2e!8m2!3d1.3185132!4d103.9112724!16s%2Fg%2F11kpsmpjgr?entry=ttu&g_ep=EgoyMDI1MDIxMi4wIKXMDSoASAFQAw%3D%3D"
Elevate: The Barbell Club,1.3241416,103.8448073,Strength & barbell training,Gym,"https://www.google.com/maps/place/Elevate:+The+Barbell+Club/@1.3241416,103.8628264,17z/data=!3m2!4b1!5s0x31da19d501eb2fbb:0xa3b2c9bac9c3ab76!4m6!3m5!1s0x31da173a596aae7b:0x526569eafa193b5a!8m2!3d1.3241416!4d103.8654067!16s%2Fg%2F11bxg5xbyx?entry=ttu&g_ep=EgoyMDI1MDIxMi4wIKXMDSoASAFQAw%3D%3D"
Bishan ActiveSG Gym,1.3553847,103.8184509,Community gym with classes,Gym,"https://www.google.com/maps/place/Bishan+ActiveSG+Gym/@1.3554447,103.8485998,17z/data=!4m10!1m2!2m1!1sBishan+ActiveSG+Gym!3m6!1s0x31da171a1cd9b6c7:0x1b099d54a2ada4b!8m2!3d1.3553847!4d103.8514099!15sChNCaXNoYW4gQWN0aXZlU0cgR3ltIgOIAQGSAQNneW3gAQA!16s%2Fg%2F1ptw3dt7m?entry=ttu&g_ep=EgoyMDI1MDIxMi4wIKXMDSoASAFQAw%3D%3D"
Revolution Orchard,1.355383,103.7563482,Spin & HIIT studio,Gym,"https://www.google.com/maps/place/Revolution+Orchard/@1.301527,103.8337638,17z/data=!3m2!4b1!5s0x31da1a1c2b86f271:0x1760a97a5f137c0b!4m6!3m5!1s0x31da19dba3bd1b57:0xe0a3c8f2e5ad58c1!8m2!3d1.301527!4d103.8363441!16s%2Fg%2F11qmb408rw?entry=ttu&g_ep=EgoyMDI1MDIxMi4wIKXMDSoASAFQAw%3D%3D"
Barry’s - Raffles Place,1.2916345,103.8330665,Popular bootcamp fitness center,Gym,"https://www.google.com/maps/place/Barry%E2%80%99s+-+Raffles+Place/@1.2816481,103.8479369,17z/data=!3m2!4b1!5s0x31da19126174a7e7:0x7a150b1bb793c35e!4m6!3m5!1s0x31da19baca0adeaf:0x10836752b4935683!8m2!3d1.2816481!4d103.8505172!16s%2Fg%2F11fkm0bsv0?entry=ttu&g_ep=EgoyMDI1MDIxMi4wIKXMDSoASAFQAw%3D%3D"
Yoga Movement Serangoon Gardens,1.3624861,103.824595,Yoga studio in a green setting,Gym,"https://www.google.com/maps/place/Yoga+Movement+Serangoon+Gardens/@1.3640368,103.8639793,17z/data=!3m1!4b1!4m6!3m5!1s0x31da179e39181509:0x49716d5ccdc0579d!8m2!3d1.3640368!4d103.8665596!16s%2Fg%2F11rdbt14cm?entry=ttu&g_ep=EgoyMDI1MDIxMi4wIKXMDSoASAFQAw%3D%3D"
PURE Yoga Asia Square Tower 1,1.2903431,103.8329742,Premium yoga & pilates studio,Gym,"https://www.google.com/maps/place/PURE+Yoga+Asia+Square+Tower+1/@1.2784217,103.8488939,17z/data=!3m2!4b1!5s0x31da199cf3c3d143:0x4d585d2d4977f834!4m6!3m5!1s0x31da191188e535c7:0xf57a3836adef231f!8m2!3d1.2784217!4d103.8514742!16s%2Fg%2F11c5gx_1_v?entry=ttu&g_ep=EgoyMDI1MDIxMi4wIKXMDSoASAFQAw%3D%3D"
Gold's Gym Personal Training - Crane Road,1.3125132,103.8828009,Personal training & weightlifting,Gym,"https://www.google.com/maps/place/Gold's+Gym+Personal+Training+-+Crane+Road/@1.3125132,103.8967001,17z/data=!3m1!4b1!4m6!3m5!1s0x31da18117a3c00d3:0xefdf6b31ac15171e!8m2!3d1.3125132!4d103.8992804!16s%2Fg%2F11cpcv77nx?entry=ttu&g_ep=EgoyMDI1MDIxMi4wIKXMDSoASAFQAw%3D%3D"
The Executive Centre - Ocean Financial Centre,1.2830123,103.786097,Luxury coworking with services,Coworking,"https://www.google.com/maps/place/The+Executive+Centre+-+Ocean+Financial+Centre/@1.2830123,103.8494347,17z/data=!3m1!4b1!4m6!3m5!1s0x31da190ebfae9eaf:0xbbf6d74ccd54d482!8m2!3d1.2830123!4d103.852015!16s%2Fg%2F11cn0sy0vr?entry=ttu&g_ep=EgoyMDI1MDIxMi4wIKXMDSoASAFQAw%3D%3D"
UClub Bugis Junction Co-working Space Singapore,1.2830116,103.7859253,Business hub at Bugis,Coworking,"https://www.google.com/maps/place/UClub+Bugis+Junction+%7C+Co-working+Space+Singapore/@1.2997901,103.8530996,17z/data=!3m2!4b1!5s0x31da19babbb81d39:0xad0170a73a9571d0!4m6!3m5!1s0x31da194a0c83eea1:0x3f55b2e781c1f53d!8m2!3d1.2997901!4d103.8556799!16s%2Fg%2F11h1dfxpnb?entry=ttu&g_ep=EgoyMDI1MDIxMi4wIKXMDSoASAFQAw%3D%3D"
Workbuddy,1.2742752,103.8291944,Flexible workspace network,Coworking,"https://www.google.com/maps/place/workbuddy/@1.2742752,103.8127149,14z/data=!3m1!5s0x31da191303478493:0x32a586e9ac7a5738!4m10!1m2!2m1!1sWorkbuddy!3m6!1s0x31da19db69cecdf3:0x6181079f8c6d362e!8m2!3d1.2742752!4d103.8456739!15sCglXb3JrYnVkZHmSAQ9jb3dvcmtpbmdfc3BhY2XgAQA!16s%2Fg%2F11gm5m5qlq?entry=ttu&g_ep=EgoyMDI1MDIxMi4wIKXMDSoASAFQAw%3D%3D"
The Working Capitol,1.2788068,103.8389686,Trendy coworking for startups,Coworking,"https://www.google.com/maps/place/The+Working+Capitol/@1.2788068,103.8389686,17z/data=!3m2!4b1!5s0x31da196d993a38a5:0x490c1b6dab538855!4m6!3m5!1s0x31da196d9b43e2cf:0x1d479b766cf735!8m2!3d1.2788068!4d103.8415489!16s%2Fg%2F11b76h00vb?entry=ttu&g_ep=EgoyMDI1MDIxMi4wIKXMDSoASAFQAw%3D%3D"
JustCo – 120 Robinson Road Coworking & Office Space,1.2754624,103.8352732,Premium office space provider,Coworking,"https://www.google.com/maps/place/JustCo+%E2%80%93+120+Robinson+Road+%7C+Coworking+%26+Office+Space/@1.2790497,103.8461456,17z/data=!3m2!4b1!5s0x31da190d910e8e03:0xc8b1addadac6332f!4m6!3m5!1s0x31da19126dd3b1db:0xbc38dc622c57e3f2!8m2!3d1.2790497!4d103.8487259!16s%2Fg%2F11cllhbvny?entry=ttu&g_ep=EgoyMDI1MDIxMi4wIKXMDSoASAFQAw%3D%3D"
One&Co,1.2754624,103.8430248,Innovation-driven coworking space,Coworking,"https://www.google.com/maps/place/One%26Co/@1.2754624,103.8430248,17z/data=!3m2!4b1!5s0x31da19135cbefc41:0x29aaa090ba952361!4m6!3m5!1s0x31da19ca34d62117:0x665aa4b7f43203f4!8m2!3d1.2754624!4d103.8456051!16s%2Fg%2F11fn46g61v?entry=ttu&g_ep=EgoyMDI1MDIxMi4wIKXMDSoASAFQAw%3D%3D"
the Hive Carpenter,1.3463472,103.3091843,Chic coworking with rooftop,Coworking,"https://www.google.com/maps/place/the+Hive+Carpenter/@1.288044,103.8451357,17z/data=!3m2!4b1!5s0x31da190a8a9c3acd:0x8009c65e7c441fb1!4m6!3m5!1s0x31da19220a8f35bb:0x1f9d0dd4da93e1ec!8m2!3d1.288044!4d103.847716!16s%2Fg%2F11gl3chdyc?entry=ttu&g_ep=EgoyMDI1MDIxMi4wIKXMDSoASAFQAw%3D%3D"
WeWork - Office Space & Coworking,1.2936125,103.8263645,Global coworking brand,Coworking,"https://www.google.com/maps/place/WeWork+-+Office+Space+%26+Coworking/@1.288044,103.8373841,15z/data=!4m10!1m2!2m1!1sWeWork+-+Office+Space+%26+Coworking!3m6!1s0x31da191d2766bbdf:0xac13dc300c6b0d31!8m2!3d1.29142!4d103.84985!15sCiFXZVdvcmsgLSBPZmZpY2UgU3BhY2UgJiBDb3dvcmtpbmciA4gBAVohIh93ZXdvcmsgb2ZmaWNlIHNwYWNlICYgY293b3JraW5nkgEPY293b3JraW5nX3NwYWNl4AEA!16s%2Fg%2F11h008q9d9?entry=ttu&g_ep=EgoyMDI1MDIxMi4wIKXMDSoASAFQAw%3D%3D"
Vertical Space,1.3327988,103.6322822,Versatile workspaces for professionals,Coworking,"https://www.google.com/maps/place/Vertical+Space/@1.3327988,103.6956199,17z/data=!3m2!4b1!5s0x31da0f8ed3dd69b5:0xa1d59dfd7df9422a!4m6!3m5!1s0x31da0fee0d35cc99:0x8bee53abb544037d!8m2!3d1.3327988!4d103.6982002!16s%2Fg%2F11mbpvqgsd?entry=ttu&g_ep=EgoyMDI1MDIxMi4wIKXMDSoASAFQAw%3D%3D"
O2Work,1.2967119,103.8442401,Sustainable coworking & events,Coworking,"https://www.google.com/maps/place/O2Work+-+Singapore+Swimming+Club/@1.2967119,103.8442401,14z/data=!3m1!5s0x31da19ab276538f5:0x80e7f661e56947b7!4m12!1m2!2m1!1sO2Work!3m8!1s0x31da19d7bf454ecb:0xedd03a826da78611!8m2!3d1.2973997!4d103.8811539!9m1!1b1!15sCgZPMldvcmuSAQ9jb3dvcmtpbmdfc3BhY2XgAQA!16s%2Fg%2F11rmr6hb7x?entry=ttu&g_ep=EgoyMDI1MDIxMi4wIKXMDSoASAFQAw%3D%3D"
library@chinatown,1.2852093,103.8421425,Cultural library in Chinatown,Library,"https://www.google.com/maps/place/library@chinatown/@1.2852093,103.8421425,17z/data=!3m1!5s0x31da190b4c7c2e15:0xb7a0bbba386f7599!4m6!3m5!1s0x31da190b4ba233db:0xf03b25f6f4ad6563!8m2!3d1.2852093!4d103.8447228!16s%2Fg%2F11f31808vg?entry=ttu&g_ep=EgoyMDI1MDIxMi4wIKXMDSoASAFQAw%3D%3D"
library@harbourfront,1.2636837,103.8208182,Waterfront library with views,Library,"https://www.google.com/maps/place/library@harbourfront/@1.2636837,103.8208182,17z/data=!3m2!4b1!5s0x31da19589a627ead:0xfd38f5ec90da9d74!4m6!3m5!1s0x31da1941f56cc20d:0xc9c81525dca6d2e1!8m2!3d1.2636837!4d103.8233985!16s%2Fg%2F11h2p_gzv0?entry=ttu&g_ep=EgoyMDI1MDIxMi4wIKXMDSoASAFQAw%3D%3D"
Toa Payoh Public Library,1.3335425,103.8479265,Community library in Toa Payoh,Library,"https://www.google.com/maps/place/Toa+Payoh+Public+Library/@1.3335425,103.8479265,17z/data=!3m1!4b1!4m6!3m5!1s0x31da179699d0eec7:0xcd361c367de8de86!8m2!3d1.3335425!4d103.8505068!16s%2Fg%2F11nl6lpmc5?entry=ttu&g_ep=EgoyMDI1MDIxMi4wIKXMDSoASAFQAw%3D%3D"
Ang Mo Kio Public Library,1.3748331,103.8429227,Neighborhood library in Ang Mo Kio,Library,"https://www.google.com/maps/place/Ang+Mo+Kio+Public+Library/@1.3748331,103.8429227,17z/data=!3m1!4b1!4m6!3m5!1s0x31da16e82fffffff:0xdcdf99218bb7d884!8m2!3d1.3748331!4d103.845503!16zL20vMGd4N2c5?entry=ttu&g_ep=EgoyMDI1MDIxMi4wIKXMDSoASAFQAw%3D%3D"
Clementi Public Library,1.3147165,103.7614901,Westside library with study areas,Library,"https://www.google.com/maps/place/Clementi+Public+Library/@1.3147165,103.7614901,17z/data=!3m2!4b1!5s0x31da1a8e2f099f31:0xf60c56e436dd2839!4m6!3m5!1s0x31da1a8e2e400001:0x55ff8fed54e212bd!8m2!3d1.3147165!4d103.7640704!16s%2Fg%2F11g0q_gxkb?entry=ttu&g_ep=EgoyMDI1MDIxMi4wIKXMDSoASAFQAw%3D%3D"
Serangoon Public Library,1.3502127,103.8703066,Suburban library with events,Library,"https://www.google.com/maps/place/Serangoon+Public+Library/@1.3502127,103.8703066,17z/data=!3m2!4b1!5s0x31da17a6b61e1b5f:0xd57ea669879f0285!4m6!3m5!1s0x31da17a6bc1520c7:0x4b50192aa1643368!8m2!3d1.3502127!4d103.8728869!16s%2Fg%2F1v1shqpj?entry=ttu&g_ep=EgoyMDI1MDIxMi4wIKXMDSoASAFQAw%3D%3D"
Yishun Public Library,1.4294929,103.8338204,Spacious library with study spots,Library,"https://www.google.com/maps/place/Yishun+Public+Library/@1.4294929,103.8338204,17z/data=!3m1!4b1!4m6!3m5!1s0x31da14630815a705:0x353feda9aed50668!8m2!3d1.4294929!4d103.8364007!16s%2Fg%2F1tl1fc_z?entry=ttu&g_ep=EgoyMDI1MDIxMi4wIKXMDSoASAFQAw%3D%3D"
Pasir Ris Public Library,1.3723308,103.9472692,Library near the beach,Library,"https://www.google.com/maps/place/Pasir+Ris+Public+Library/@1.3723308,103.9472692,17z/data=!3m2!4b1!5s0x31da3daffc82a7ab:0x9cd27a14e8df40c7!4m6!3m5!1s0x31da3daffbbf7db7:0xd7dac07fa20629d!8m2!3d1.3723308!4d103.9498495!16s%2Fg%2F11j3mfk672?entry=ttu&g_ep=EgoyMDI1MDIxMi4wIKXMDSoASAFQAw%3D%3D"
Geylang East Public Library,1.3174565,103.8831571,Reading hub in Geylang,Library,"https://www.google.com/maps/place/Geylang+East+Public+Library/@1.3174565,103.8831571,17z/data=!3m2!4b1!5s0x31da1824a8239b27:0x14c776931f70d31c!4m6!3m5!1s0x31da182350d32443:0xe83a32c0193f72ba!8m2!3d1.3174565!4d103.8857374!16s%2Fg%2F11h8ydb72k?entry=ttu&g_ep=EgoyMDI1MDIxMi4wIKXMDSoASAFQAw%3D%3D"
Sembawang Public Library,1.4482825,103.8169768,Library in northern Singapore,Library,"https://www.google.com/maps/place/Sembawang+Public+Library/@1.4482825,103.8169768,17z/data=!3m2!4b1!5s0x31da137d304e7d7d:0x4266b2121c4e5538!4m6!3m5!1s0x31da137d301ea25b:0xe25912e338ed8f89!8m2!3d1.4482825!4d103.8195571!16s%2Fm%2F0wz0mmd?entry=ttu&g_ep=EgoyMDI1MDIxMi4wIKXMDSoASAFQAw%3D%3D"